date_collected,date_posted,title,company,location,source,url
2025-09-23,,Structure: iOS UI/UX Designer,,Remote,weworkremotely,https://weworkremotely.com/remote-jobs/structure-ios-ui-ux-designer
2025-09-23,,"Senior Product Designer, Teams",datadog,Remote,greenhouse,https://careers.datadoghq.com/detail/7140507/?gh_jid=7140507
2025-09-23,,Senior Product Designer - Product Analytics,datadog,Remote,greenhouse,https://careers.datadoghq.com/detail/7011810/?gh_jid=7011810
2025-09-23,,Senior Product Designer - Internal Tools,datadog,Remote,greenhouse,https://careers.datadoghq.com/detail/6871675/?gh_jid=6871675
2025-09-23,,"Senior Product Designer, Event Management",datadog,Remote,greenhouse,https://careers.datadoghq.com/detail/7065095/?gh_jid=7065095
2025-09-23,,"Senior Product Designer, Data Visualization",datadog,Remote,greenhouse,https://careers.datadoghq.com/detail/7117237/?gh_jid=7117237
2025-09-23,,"Senior Product Designer, Cost",datadog,Remote,greenhouse,https://careers.datadoghq.com/detail/7116812/?gh_jid=7116812
2025-09-23,,Senior Product Designer - CodeGen,datadog,Remote,greenhouse,https://careers.datadoghq.com/detail/6996620/?gh_jid=6996620
2025-09-23,,Product Designer II - Database Monitoring,datadog,Remote,greenhouse,https://careers.datadoghq.com/detail/7097832/?gh_jid=7097832
2025-09-23,,UX Designer,Infinum,USA,remotive,https://remotive.com/remote-jobs/design/ux-designer-2054087
2025-09-23,,Product Designer,Corporatefinanceinstituteinc,USA,remotive,https://remotive.com/remote-jobs/design/product-designer-2054153
2025-09-23,,Enterprise Sales Engineer (Benelux),datadog,Remote,greenhouse,https://careers.datadoghq.com/detail/6567764/?gh_jid=6567764
2025-09-23,,Strategic Account Executive (Benelux),datadog,Remote,greenhouse,https://careers.datadoghq.com/detail/5581254/?gh_jid=5581254
2025-09-23,,Senior Product Designer,Samsara,USA,remotive,https://remotive.com/remote-jobs/design/senior-product-designer-2053473
2025-09-23,,"Senior Product Designer, Dashboards",datadog,Remote,greenhouse,https://careers.datadoghq.com/detail/7181555/?gh_jid=7181555
2025-09-23,,Staff Product Designer,dropbox,Remote,greenhouse,https://jobs.dropbox.com/listing/7128563?gh_jid=7128563
2025-09-23,,Senior Product Designer - Feature Flagging,datadog,Remote,greenhouse,https://careers.datadoghq.com/detail/7205028/?gh_jid=7205028
2025-09-23,,Graphic Designer UI/UX,PEARL GmbH,"LATAM, Europe, Asia, Central America",remotive,https://remotive.com/remote-jobs/design/graphic-designer-ui-ux-2052646
2025-09-23,,UI/UX Designer,AIDA Recruitment,Lithuania,remotive,https://remotive.com/remote-jobs/design/ui-ux-designer-2052651
2025-09-23,,Sales Development representative (Benelux),datadog,Remote,greenhouse,https://careers.datadoghq.com/detail/7180254/?gh_jid=7180254
2025-09-23,,UX/UI Designer,Pavago,Pakistan,remotive,https://remotive.com/remote-jobs/design/ux-ui-designer-2052652
2025-09-23,,Senior Product Designer - Perform - Continuous Feedback ,cultureamp,Remote,greenhouse,https://job-boards.greenhouse.io/cultureamp/jobs/7139494
2025-09-23,,Product Designer,Thesis,"Americas, Europe",remotive,https://remotive.com/remote-jobs/design/product-designer-2051136
2025-09-23,,Staff Content Designer,dropbox,Remote,greenhouse,https://jobs.dropbox.com/listing/7188524?gh_jid=7188524
2025-09-23,,Sr. Technical Writer / Content Designer,Pendo,UK,remotive,https://remotive.com/remote-jobs/writing/sr-technical-writer-content-designer-2052595
2025-09-23,,"Staff UX Designer, AI Investment",mozilla,Remote,greenhouse,https://job-boards.greenhouse.io/mozilla/jobs/7177014
2025-09-23,,Lead Product Designer - Coach (AI),cultureamp,Remote,greenhouse,https://job-boards.greenhouse.io/cultureamp/jobs/7100704
2025-09-23,,Senior Designer UI,CourtAvenue,Remote,remoteok,https://remoteOK.com/remote-jobs/remote-senior-designer-ui-courtavenue-1095228
2025-09-23,,Staff Product Designer - Infrastructure,datadog,Remote,greenhouse,https://careers.datadoghq.com/detail/7168628/?gh_jid=7168628
2025-09-23,,Staff Product Designer - APM Enablement,datadog,Remote,greenhouse,https://careers.datadoghq.com/detail/7174932/?gh_jid=7174932
2025-09-23,,Product Designer II - Bits AI,datadog,Remote,greenhouse,https://careers.datadoghq.com/detail/7182907/?gh_jid=7182907
2025-09-23,,Mid Market Account Executive (Benelux),datadog,Remote,greenhouse,https://careers.datadoghq.com/detail/6848374/?gh_jid=6848374
2025-09-23,,"Manager, Mid-Market Sales (Benelux & Nordics)",datadog,Remote,greenhouse,https://careers.datadoghq.com/detail/7186071/?gh_jid=7186071
2025-09-23,,Staff Design Researcher,dropbox,Remote,greenhouse,https://jobs.dropbox.com/listing/7121516?gh_jid=7121516
2025-09-23,,Senior Product Designer,dropbox,Remote,greenhouse,https://jobs.dropbox.com/listing/7059588?gh_jid=7059588
2025-09-23,,"Principal Product Designer for Growth, AI products ",dropbox,Remote,greenhouse,https://jobs.dropbox.com/listing/6932467?gh_jid=6932467
2025-09-23,,"Principal Product Designer for Growth, AI Products",dropbox,Remote,greenhouse,https://jobs.dropbox.com/listing/6932472?gh_jid=6932472
2025-09-23,,Senior Product Designer,AuditBoard,USA,remotive,https://remotive.com/remote-jobs/design/senior-product-designer-2051791
2025-09-23,,Senior Product Designer,Wealthwizards,UK,remotive,https://remotive.com/remote-jobs/design/senior-product-designer-2051793
2025-09-23,,Narrative Designer II - AAA Narrative/Open-World Game,Pipeworks,Worldwide,remotive,https://remotive.com/remote-jobs/design/narrative-designer-ii-aaa-narrative-open-world-game-2051799
2025-09-23,,Senior Product Designer,Matic,Europe,remotive,https://remotive.com/remote-jobs/design/senior-product-designer-2051800
2025-09-23,,Senior Product Designer,InvestNext,USA,remotive,https://remotive.com/remote-jobs/design/senior-product-designer-2049851
2025-09-23,,UI/UX Product Designer,CrewVision,Eastern Europe,remotive,https://remotive.com/remote-jobs/design/ui-ux-product-designer-2037494
2025-09-23,,Webflow Designer / Developer,NineTwoThree AI Studio,Ukraine,remotive,https://remotive.com/remote-jobs/design/webflow-designer-developer-2049854
2025-09-23,,Senior Product Designer - Visual Design Focus,mozilla,Remote,greenhouse,https://job-boards.greenhouse.io/mozilla/jobs/7166133
2025-09-23,,Marketing & Product Designer,Lightdash,USA,remotive,https://remotive.com/remote-jobs/design/marketing-product-designer-2048558
2025-09-23,,Growth Designer,Thesis,"Americas, Europe",remotive,https://remotive.com/remote-jobs/design/growth-designer-2048559
2025-09-23,,Senior Product Designer,Lucidya,Western Asia (Middle East),remotive,https://remotive.com/remote-jobs/design/senior-product-designer-2048564
2025-09-23,,UI/UX Designer,Manpower,USA,remotive,https://remotive.com/remote-jobs/design/ui-ux-designer-2046760
2025-09-23,,UI/UX Designer,Jobs for Humanity,UK,remotive,https://remotive.com/remote-jobs/design/ui-ux-designer-2046873
2025-09-23,,Staff Product Designer - Android Visual Design Focus ,mozilla,Remote,greenhouse,https://job-boards.greenhouse.io/mozilla/jobs/7078222
2025-09-23,,"Product Designer, AI",figma,Remote,greenhouse,https://boards.greenhouse.io/figma/jobs/5575171004?gh_jid=5575171004
2025-09-23,,Creative Content Designer,Flipster,APAC,remotive,https://remotive.com/remote-jobs/design/creative-content-designer-2046876
2025-09-23,,"Product Designer, Cross-Product Foundations",figma,Remote,greenhouse,https://boards.greenhouse.io/figma/jobs/5610380004?gh_jid=5610380004
2025-09-23,,Graphic Designer,Pavago,"Colombia, Argentina, Mexico, Costa Rica, Jamaica",remotive,https://remotive.com/remote-jobs/design/graphic-designer-2045322
2025-09-23,,Senior Product Designer & Manager,Tala,India,remotive,https://remotive.com/remote-jobs/design/senior-product-designer-manager-2045325
2025-09-23,,Product Designer II,Trueml,"Argentina, Mexico, Dominican Republic",remotive,https://remotive.com/remote-jobs/design/product-designer-ii-2045475
2025-09-23,,Graphic Designer,Fin Advisors,USA,remotive,https://remotive.com/remote-jobs/design/graphic-designer-2044880
2025-09-23,,Associate Product Designer,Dynatron Software,USA,remotive,https://remotive.com/remote-jobs/design/associate-product-designer-2044392
2025-09-23,,CrewVision: UI/UX Product Designer,,Remote,weworkremotely,https://weworkremotely.com/remote-jobs/crewvision-ui-ux-product-designer
2025-09-23,,Senior UI/UX Designer,Macellan,Turkey,remotive,https://remotive.com/remote-jobs/design/senior-ui-ux-designer-2042891
2025-09-23,,MetaLab: Senior Product Designer,,Remote,weworkremotely,https://weworkremotely.com/remote-jobs/metalab-senior-product-designer-2
2025-09-23,,App & Web UI/UX Designer,Magic Media,"Poland, Ukraine, Romania, Bulgaria, Serbia",remotive,https://remotive.com/remote-jobs/design/app-web-ui-ux-designer-2042895
2025-09-23,,"Senior Product Designer, Runner Fleet",gitlab,Remote,greenhouse,https://job-boards.greenhouse.io/gitlab/jobs/8035591002
2025-09-23,,Senior Product Designer,Paddle,"UK, Portugal, Ireland, Netherlands",remotive,https://remotive.com/remote-jobs/design/senior-product-designer-2042950
2025-09-23,,Product Designer,Waveapps,Canada,remotive,https://remotive.com/remote-jobs/design/product-designer-2042473
2025-09-23,,Designer,Cimpress/Vista,Tunisia,remotive,https://remotive.com/remote-jobs/design/designer-2037661
2025-09-23,,"Product Designer, Interactivity",figma,Remote,greenhouse,https://boards.greenhouse.io/figma/jobs/5567557004?gh_jid=5567557004
2025-09-23,,"Product Designer, Design Systems Features",figma,Remote,greenhouse,https://boards.greenhouse.io/figma/jobs/5575216004?gh_jid=5575216004
2025-09-23,,Senior 3D & 2D Designer,RecruitGo,Philippines,remotive,https://remotive.com/remote-jobs/design/senior-3d-2d-designer-2035787
2025-09-23,,Email & UX Designer,Emails,Worldwide,remotive,https://remotive.com/remote-jobs/design/email-ux-designer-2035788
2025-09-23,,Linux Writer,Valnet Tech Sites,USA,remotive,https://remotive.com/remote-jobs/writing/linux-writer-2032923
2025-09-23,,Staff Product Designer,Mozilla,Canada,remotive,https://remotive.com/remote-jobs/design/staff-product-designer-2035628
2025-09-23,,"Content Designer, Multimedia",CaryHealth,Argentina,remotive,https://remotive.com/remote-jobs/design/content-designer-multimedia-2034749
2025-09-23,,Senior Product Designer - Analytics,Constructor,Spain,remotive,https://remotive.com/remote-jobs/design/senior-product-designer-analytics-2034114
2025-09-23,,UI/UX Designer,Reel Unlimited,Indonesia,remotive,https://remotive.com/remote-jobs/design/ui-ux-designer-2026754
2025-09-23,,UI/UX Designer,Imnoo AG,Switzerland,remotive,https://remotive.com/remote-jobs/design/ui-ux-designer-2027148
2025-09-23,,Senior Web Designer / UI Expert,Pragma Technologies,Germany,remotive,https://remotive.com/remote-jobs/design/senior-web-designer-ui-expert-2023839
2025-09-23,,Senior Product Designer,Skylight,USA,remotive,https://remotive.com/remote-jobs/design/senior-product-designer-2024334
2025-09-23,,Junior Graphic Designer for Packaging & Listing Images,SKYVE,Europe,remotive,https://remotive.com/remote-jobs/design/junior-graphic-designer-for-packaging-listing-images-2024335
2025-09-23,,UI/UX Designer,PulseiD,Sri Lanka,remotive,https://remotive.com/remote-jobs/design/ui-ux-designer-2024882
2025-09-23,,Starvox Entertainment: UX/UI Designer,,remote,weworkremotely,https://weworkremotely.com/remote-jobs/starvox-entertainment-ux-ui-designer-remote
2025-09-23,,Advisory Pre-Sales Solutions Architect,mongodb,Remote,greenhouse,https://www.mongodb.com/careers/job/?gh_jid=7027409
2025-09-23,,Advisory Solutions Architect,mongodb,Remote,greenhouse,https://www.mongodb.com/careers/job/?gh_jid=7140768
2025-09-23,,Advisory Solutions Architect (Pre-Sales),mongodb,Remote,greenhouse,https://www.mongodb.com/careers/job/?gh_jid=7245084
2025-09-23,,Solutions Architect,mongodb,Remote,greenhouse,https://www.mongodb.com/careers/job/?gh_jid=7247354
2025-09-23,,Solutions Architect - Polish Speaking,mongodb,Remote,greenhouse,https://www.mongodb.com/careers/job/?gh_jid=6975253
2025-09-23,,Solutions Architect (Thai Speaking),mongodb,Remote,greenhouse,https://www.mongodb.com/careers/job/?gh_jid=7196053
2025-09-23,,Product Solutions Architect 3 - APM,datadog,Remote,greenhouse,https://careers.datadoghq.com/detail/6825839/?gh_jid=6825839
2025-09-23,,Enterprise Sales Engineer,datadog,Remote,greenhouse,https://careers.datadoghq.com/detail/7204247/?gh_jid=7204247
2025-09-23,,Commercial Sales Engineer (German-speaking),datadog,Remote,greenhouse,https://careers.datadoghq.com/detail/7091865/?gh_jid=7091865
2025-09-23,,Sales Engineer (Customer Success) - Boston,datadog,Remote,greenhouse,https://careers.datadoghq.com/detail/7242265/?gh_jid=7242265
2025-09-23,,Commercial Sales Engineer (Thai Speaking),datadog,Remote,greenhouse,https://careers.datadoghq.com/detail/7215178/?gh_jid=7215178
2025-09-23,,Public Sector Solutions Architect,gitlab,Remote,greenhouse,https://job-boards.greenhouse.io/gitlab/jobs/8094540002
2025-09-23,,"Commercial Solutions Consultant (Berlin, Germany)",figma,Remote,greenhouse,https://boards.greenhouse.io/figma/jobs/5645228004?gh_jid=5645228004
2025-09-23,,Mid-Market Sales Engineer (AMER West),datadog,Remote,greenhouse,https://careers.datadoghq.com/detail/7174232/?gh_jid=7174232
2025-09-23,,Mid-Market Sales Engineer (Mexico City),datadog,Remote,greenhouse,https://careers.datadoghq.com/detail/7190662/?gh_jid=7190662
2025-09-23,,Sales Engineer (Customer Success) - Denver,datadog,Remote,greenhouse,https://careers.datadoghq.com/detail/7215574/?gh_jid=7215574
2025-09-23,,Enterprise Sales Engineer - Sweden,datadog,Remote,greenhouse,https://careers.datadoghq.com/detail/7101976/?gh_jid=7101976
2025-09-23,,Enterprise Sales Engineer - Spain,datadog,Remote,greenhouse,https://careers.datadoghq.com/detail/7056100/?gh_jid=7056100
2025-09-23,,Enterprise Sales Engineer - Mumbai,datadog,Remote,greenhouse,https://careers.datadoghq.com/detail/6717522/?gh_jid=6717522
2025-09-23,,Enterprise Sales Engineer (Bahasa Indonesia speaking),datadog,Remote,greenhouse,https://careers.datadoghq.com/detail/6832925/?gh_jid=6832925
2025-09-23,,Commercial Solutions Consultant,figma,Remote,greenhouse,https://boards.greenhouse.io/figma/jobs/5633324004?gh_jid=5633324004
2025-09-23,,Product Solutions Architect (Serverless),datadog,Remote,greenhouse,https://careers.datadoghq.com/detail/7191402/?gh_jid=7191402
2025-09-23,,Commercial Sales Engineer (Boston),datadog,Remote,greenhouse,https://careers.datadoghq.com/detail/6713805/?gh_jid=6713805
2025-09-23,,Commercial Sales Engineer (Customer Success) - French-speaking,datadog,Remote,greenhouse,https://careers.datadoghq.com/detail/7140223/?gh_jid=7140223
2025-09-23,,Commercial Sales Engineer - Denver,datadog,Remote,greenhouse,https://careers.datadoghq.com/detail/6602630/?gh_jid=6602630
2025-09-23,,Commercial Sales Engineer - Mexico City,datadog,Remote,greenhouse,https://careers.datadoghq.com/detail/6526559/?gh_jid=6526559
2025-09-23,,Commercial Sales Engineer (Spanish-Speaking),datadog,Remote,greenhouse,https://careers.datadoghq.com/detail/7102587/?gh_jid=7102587
2025-09-23,,Mid Market Sales Engineer,datadog,Remote,greenhouse,https://careers.datadoghq.com/detail/5977069/?gh_jid=5977069
2025-09-23,,Mid-Market Sales Engineer (French Speaking),datadog,Remote,greenhouse,https://careers.datadoghq.com/detail/6900231/?gh_jid=6900231
2025-09-23,,Partner Solutions Architect,datadog,Remote,greenhouse,https://careers.datadoghq.com/detail/6359712/?gh_jid=6359712
